model,num_params,epochs_trained,psnr,ssim,avg_inference_time,learning_rate,div
RFDN-nf10-upscale2-LR1e-2,17772,40,31.32733055873964,0.9123885631561279,0.15748133659362792,1e-2,2
FDCN-nf10-upscale2-LR1e-2,17772,40,31.30518187402276,0.9095090627670288,0.15006839036941527,1e-2,2
RFDN1-nf10-upscale2-LR1e-2,9652,40,30.97251415687301,0.9117670655250549,0.10109703779220582,1e-2,2
BaseN-nf10-upscale2-LR1e-2,16512,40,31.198231811256008,0.912472665309906,0.12466228008270264,1e-2,2
