model,num_params,epochs_trained,psnr,ssim,avg_inference_time
RFDN-nf10-upscale2-LR1e-2,17772,40,31.32733055873964,0.9123885631561279,0.15748133659362792
FDCN-nf10-upscale2-LR1e-2,17772,40,31.30518187402276,0.9095090627670288,0.15006839036941527
